Date,Users
14-Jun-23,3
13-Jun-23,3
12-Jun-23,9
11-Jun-23,1
10-Jun-23,2
9-Jun-23,4
8-Jun-23,10
7-Jun-23,3
6-Jun-23,5
5-Jun-23,12
4-Jun-23,4
3-Jun-23,2
2-Jun-23,10
1-Jun-23,11
31-May-23,14
30-May-23,23
29-May-23,8
28-May-23,7
27-May-23,12
26-May-23,29
25-May-23,1223
24-May-23,1502
23-May-23,1570
22-May-23,1686
21-May-23,451
20-May-23,404
19-May-23,1483
18-May-23,1456
17-May-23,1535
16-May-23,1565
15-May-23,1547
14-May-23,363
13-May-23,422
12-May-23,1575
11-May-23,1481
10-May-23,1583
9-May-23,1635
8-May-23,1651
7-May-23,503
6-May-23,424
5-May-23,1317
4-May-23,1553
3-May-23,1610
2-May-23,1660
1-May-23,1591
30-Apr-23,480
29-Apr-23,422
28-Apr-23,1310
27-Apr-23,1601
26-Apr-23,1660
25-Apr-23,1733
24-Apr-23,1566
23-Apr-23,493
22-Apr-23,454
21-Apr-23,1281
20-Apr-23,1616
19-Apr-23,1593
18-Apr-23,1635
17-Apr-23,1717
16-Apr-23,511
15-Apr-23,456
14-Apr-23,1423
13-Apr-23,1653
12-Apr-23,1613
11-Apr-23,1678
10-Apr-23,1608
9-Apr-23,387
8-Apr-23,419
7-Apr-23,1217
6-Apr-23,1536
5-Apr-23,1593
4-Apr-23,1581
3-Apr-23,1571
2-Apr-23,549
1-Apr-23,433
31-Mar-23,1108
30-Mar-23,1524
29-Mar-23,1654
28-Mar-23,1660
27-Mar-23,1494
26-Mar-23,527
25-Mar-23,456
24-Mar-23,1391
23-Mar-23,1690
22-Mar-23,1711
21-Mar-23,1816
20-Mar-23,1714
19-Mar-23,575
18-Mar-23,464
17-Mar-23,1468
16-Mar-23,1731
15-Mar-23,1673
14-Mar-23,1801
13-Mar-23,1596
12-Mar-23,540
11-Mar-23,527
10-Mar-23,1387
9-Mar-23,1722
8-Mar-23,1662
7-Mar-23,1714
6-Mar-23,1614
5-Mar-23,496
4-Mar-23,485
3-Mar-23,1455
2-Mar-23,1704
1-Mar-23,1648
28-Feb-23,1834
27-Feb-23,1751
26-Feb-23,600
25-Feb-23,498
24-Feb-23,1436
23-Feb-23,1609
22-Feb-23,1786
21-Feb-23,1705
20-Feb-23,904
19-Feb-23,453
18-Feb-23,423
17-Feb-23,1280
16-Feb-23,1634
15-Feb-23,1742
14-Feb-23,1709
13-Feb-23,1758
12-Feb-23,479
11-Feb-23,449
10-Feb-23,1327
9-Feb-23,1599
8-Feb-23,1689
7-Feb-23,1648
6-Feb-23,1709
5-Feb-23,528
4-Feb-23,481
3-Feb-23,1382
2-Feb-23,1745
1-Feb-23,1762
31-Jan-23,1939
30-Jan-23,1725
29-Jan-23,493
28-Jan-23,498
27-Jan-23,1326
26-Jan-23,1618
25-Jan-23,1710
24-Jan-23,1646
23-Jan-23,1823
22-Jan-23,434
21-Jan-23,419
20-Jan-23,1423
19-Jan-23,1613
18-Jan-23,1768
17-Jan-23,1625
16-Jan-23,851
15-Jan-23,431
14-Jan-23,363
13-Jan-23,1289
12-Jan-23,1575
11-Jan-23,1561
10-Jan-23,1535
9-Jan-23,1626
8-Jan-23,445
7-Jan-23,399
6-Jan-23,1254
5-Jan-23,1415
4-Jan-23,1499
3-Jan-23,1432
2-Jan-23,496
1-Jan-23,335
31-Dec-22,377
30-Dec-22,945
29-Dec-22,1033
28-Dec-22,1019
27-Dec-22,1095
26-Dec-22,378
25-Dec-22,297
24-Dec-22,216
23-Dec-22,657
22-Dec-22,1117
21-Dec-22,1257
20-Dec-22,1319
19-Dec-22,1280
18-Dec-22,429
17-Dec-22,448
16-Dec-22,1324
15-Dec-22,1466
14-Dec-22,1552
13-Dec-22,1504
12-Dec-22,1484
11-Dec-22,566
10-Dec-22,441
9-Dec-22,1253
8-Dec-22,1585
7-Dec-22,1603
6-Dec-22,1542
5-Dec-22,1620
4-Dec-22,575
3-Dec-22,541
2-Dec-22,1393
1-Dec-22,1538
30-Nov-22,1547
29-Nov-22,1631
28-Nov-22,1525
27-Nov-22,446
26-Nov-22,393
25-Nov-22,452
24-Nov-22,370
23-Nov-22,1078
22-Nov-22,1473
21-Nov-22,1403
20-Nov-22,533
19-Nov-22,447
18-Nov-22,1322
17-Nov-22,1484
16-Nov-22,1549
15-Nov-22,1678
14-Nov-22,1534
13-Nov-22,503
12-Nov-22,403
11-Nov-22,928
10-Nov-22,1548
9-Nov-22,1645
8-Nov-22,1521
7-Nov-22,1625
6-Nov-22,523
5-Nov-22,410
4-Nov-22,1312
3-Nov-22,1675
2-Nov-22,1647
1-Nov-22,1807
31-Oct-22,1434
30-Oct-22,493
29-Oct-22,430
28-Oct-22,1276
27-Oct-22,1496
26-Oct-22,1549
25-Oct-22,1624
24-Oct-22,1551
23-Oct-22,493
22-Oct-22,423
21-Oct-22,1339
20-Oct-22,1484
19-Oct-22,1671
18-Oct-22,1741
17-Oct-22,1633
16-Oct-22,434
15-Oct-22,427
14-Oct-22,1323
13-Oct-22,1480
12-Oct-22,1552
11-Oct-22,1612
10-Oct-22,1376
9-Oct-22,408
8-Oct-22,460
7-Oct-22,1314
6-Oct-22,1521
5-Oct-22,1569
4-Oct-22,1676
3-Oct-22,1678
2-Oct-22,510
1-Oct-22,419
30-Sep-22,1309
29-Sep-22,1594
28-Sep-22,1559
27-Sep-22,1741
26-Sep-22,1625
25-Sep-22,471
24-Sep-22,439
23-Sep-22,1350
22-Sep-22,1619
21-Sep-22,1603
20-Sep-22,1637
19-Sep-22,1586
18-Sep-22,555
17-Sep-22,474
16-Sep-22,1305
15-Sep-22,1592
14-Sep-22,1586
13-Sep-22,1621
12-Sep-22,1685
11-Sep-22,533
10-Sep-22,437
9-Sep-22,1406
8-Sep-22,1747
7-Sep-22,1651
6-Sep-22,1638
5-Sep-22,491
4-Sep-22,394
3-Sep-22,408
2-Sep-22,1211
1-Sep-22,1524
31-Aug-22,1817
30-Aug-22,1611
29-Aug-22,1629
28-Aug-22,486
27-Aug-22,421
26-Aug-22,1391
25-Aug-22,1767
24-Aug-22,1580
23-Aug-22,1612
22-Aug-22,1525
21-Aug-22,448
20-Aug-22,407
19-Aug-22,1359
18-Aug-22,1502
17-Aug-22,1725
16-Aug-22,1592
15-Aug-22,1591
14-Aug-22,412
13-Aug-22,453
12-Aug-22,1323
11-Aug-22,1477
10-Aug-22,1553
9-Aug-22,1575
8-Aug-22,1470
7-Aug-22,498
6-Aug-22,420
5-Aug-22,1272
4-Aug-22,1496
3-Aug-22,1575
2-Aug-22,1548
1-Aug-22,1527
31-Jul-22,517
30-Jul-22,467
29-Jul-22,1407
28-Jul-22,1577
27-Jul-22,1544
26-Jul-22,1520
25-Jul-22,1794
24-Jul-22,482
23-Jul-22,582
22-Jul-22,1322
21-Jul-22,1507
20-Jul-22,1644
19-Jul-22,1756
18-Jul-22,1710
17-Jul-22,573
16-Jul-22,639
15-Jul-22,1490
14-Jul-22,1600
13-Jul-22,1665
12-Jul-22,1687
11-Jul-22,1615
10-Jul-22,594
9-Jul-22,627
8-Jul-22,1330
7-Jul-22,1496
6-Jul-22,1621
5-Jul-22,1720
4-Jul-22,540
3-Jul-22,476
2-Jul-22,516
1-Jul-22,1359
30-Jun-22,1404
29-Jun-22,1443
28-Jun-22,1594
27-Jun-22,1482
26-Jun-22,548
25-Jun-22,563
24-Jun-22,1314
23-Jun-22,1512
22-Jun-22,1665
21-Jun-22,1548
20-Jun-22,1530
19-Jun-22,415
18-Jun-22,561
17-Jun-22,1304
16-Jun-22,1467
15-Jun-22,1538
14-Jun-22,1636
13-Jun-22,1622
12-Jun-22,491
11-Jun-22,546
10-Jun-22,1346
9-Jun-22,1530
8-Jun-22,1640
7-Jun-22,1734
6-Jun-22,1792
5-Jun-22,586
4-Jun-22,614
3-Jun-22,1547
2-Jun-22,1757
1-Jun-22,1642
31-May-22,1696
30-May-22,637
29-May-22,449
28-May-22,471
27-May-22,1348
26-May-22,1602
25-May-22,1726
24-May-22,1782
23-May-22,1750
22-May-22,568
21-May-22,554
20-May-22,1439
19-May-22,1960
18-May-22,1725
17-May-22,1771
16-May-22,1682
15-May-22,541
14-May-22,617
13-May-22,1495
12-May-22,1699
11-May-22,1803
10-May-22,1679
9-May-22,1838
8-May-22,536
7-May-22,512
6-May-22,1471
5-May-22,1645
4-May-22,1956
3-May-22,1879
2-May-22,1749
1-May-22,561
30-Apr-22,527
29-Apr-22,1496
28-Apr-22,1701
27-Apr-22,1744
26-Apr-22,1766
25-Apr-22,1782
24-Apr-22,613
23-Apr-22,549
22-Apr-22,1519
21-Apr-22,1810
20-Apr-22,1894
19-Apr-22,2046
18-Apr-22,1908
17-Apr-22,546
16-Apr-22,489
15-Apr-22,1661
14-Apr-22,1863
13-Apr-22,2099
12-Apr-22,2099
11-Apr-22,2044
10-Apr-22,597
9-Apr-22,555
8-Apr-22,1839
7-Apr-22,2220
6-Apr-22,2332
5-Apr-22,2097
4-Apr-22,1969
3-Apr-22,629
2-Apr-22,526
1-Apr-22,1578
31-Mar-22,1974
30-Mar-22,2445
29-Mar-22,2049
28-Mar-22,2127
27-Mar-22,573
26-Mar-22,525
25-Mar-22,1641
24-Mar-22,1995
23-Mar-22,1966
22-Mar-22,2017
21-Mar-22,1951
20-Mar-22,588
19-Mar-22,567
18-Mar-22,1751
17-Mar-22,1836
16-Mar-22,2177
15-Mar-22,2261
14-Mar-22,2223
13-Mar-22,644
12-Mar-22,662
11-Mar-22,1834
10-Mar-22,2102
9-Mar-22,2118
8-Mar-22,2094
7-Mar-22,2255
6-Mar-22,714
5-Mar-22,634
4-Mar-22,1813
3-Mar-22,2087
2-Mar-22,2257
1-Mar-22,2170
28-Feb-22,2233
27-Feb-22,810
26-Feb-22,639
25-Feb-22,1849
24-Feb-22,2138
23-Feb-22,2283
22-Feb-22,2359
21-Feb-22,1371
20-Feb-22,773
19-Feb-22,736
18-Feb-22,1926
17-Feb-22,2337
16-Feb-22,2436
15-Feb-22,2411
14-Feb-22,2603
13-Feb-22,1025
12-Feb-22,782
11-Feb-22,2050
10-Feb-22,2423
9-Feb-22,2624
8-Feb-22,2547
7-Feb-22,2597
6-Feb-22,824
5-Feb-22,853
4-Feb-22,2302
3-Feb-22,2616
2-Feb-22,2496
1-Feb-22,2463
31-Jan-22,2426
30-Jan-22,933
29-Jan-22,908
28-Jan-22,2173
27-Jan-22,2450
26-Jan-22,2529
25-Jan-22,2558
24-Jan-22,2565
23-Jan-22,1007
22-Jan-22,887
21-Jan-22,2170
20-Jan-22,2524
19-Jan-22,2644
18-Jan-22,2726
17-Jan-22,1675
16-Jan-22,1004
15-Jan-22,877
14-Jan-22,2253
13-Jan-22,2843
12-Jan-22,2827
11-Jan-22,3049
10-Jan-22,3201
9-Jan-22,1535
8-Jan-22,1322
7-Jan-22,2770
6-Jan-22,3192
5-Jan-22,3459
4-Jan-22,3497
3-Jan-22,2841
2-Jan-22,1217
1-Jan-22,1059
31-Dec-21,1234
30-Dec-21,2212
29-Dec-21,2584
28-Dec-21,2447
27-Dec-21,2101
26-Dec-21,1030
25-Dec-21,741
24-Dec-21,952
23-Dec-21,1698
22-Dec-21,2268
21-Dec-21,2412
20-Dec-21,2367
19-Dec-21,945
18-Dec-21,890
17-Dec-21,1988
16-Dec-21,2171
15-Dec-21,2227
14-Dec-21,2490
13-Dec-21,2429
12-Dec-21,814
11-Dec-21,786
10-Dec-21,1776
9-Dec-21,2151
8-Dec-21,2242
7-Dec-21,2285
6-Dec-21,2182
5-Dec-21,819
4-Dec-21,850
3-Dec-21,1976
2-Dec-21,2129
1-Dec-21,2074
30-Nov-21,2259
29-Nov-21,2600
28-Nov-21,1656
27-Nov-21,679
26-Nov-21,764
25-Nov-21,537
24-Nov-21,1522
23-Nov-21,1974
22-Nov-21,2049
21-Nov-21,855
20-Nov-21,751
19-Nov-21,1768
18-Nov-21,2072
17-Nov-21,2188
16-Nov-21,2242
15-Nov-21,2151
14-Nov-21,917
13-Nov-21,852
12-Nov-21,1779
11-Nov-21,1642
10-Nov-21,2320
9-Nov-21,2184
8-Nov-21,2317
7-Nov-21,853
6-Nov-21,820
5-Nov-21,1757
4-Nov-21,1996
3-Nov-21,2020
2-Nov-21,2137
1-Nov-21,2097
31-Oct-21,729
30-Oct-21,709
29-Oct-21,1706
28-Oct-21,2065
27-Oct-21,2038
26-Oct-21,2184
25-Oct-21,2089
24-Oct-21,862
23-Oct-21,675
22-Oct-21,1800
21-Oct-21,2073
20-Oct-21,2190
19-Oct-21,2175
18-Oct-21,2105
17-Oct-21,729
16-Oct-21,677
15-Oct-21,1833
14-Oct-21,2097
13-Oct-21,2068
12-Oct-21,1990
11-Oct-21,1918
10-Oct-21,657
9-Oct-21,545
8-Oct-21,1626
7-Oct-21,1935
6-Oct-21,1935
5-Oct-21,1953
4-Oct-21,1993
3-Oct-21,765
2-Oct-21,651
1-Oct-21,1620
30-Sep-21,1850
29-Sep-21,1944
28-Sep-21,1986
27-Sep-21,1966
26-Sep-21,781
25-Sep-21,688
24-Sep-21,1573
23-Sep-21,1945
22-Sep-21,1996
21-Sep-21,2019
20-Sep-21,2004
19-Sep-21,799
18-Sep-21,744
17-Sep-21,1746
16-Sep-21,2021
15-Sep-21,2045
14-Sep-21,2069
13-Sep-21,2030
12-Sep-21,831
11-Sep-21,719
10-Sep-21,1828
9-Sep-21,2231
8-Sep-21,2255
7-Sep-21,2175
6-Sep-21,1011
5-Sep-21,766
4-Sep-21,776
3-Sep-21,1825
2-Sep-21,2141
1-Sep-21,2238
31-Aug-21,2271
30-Aug-21,2324
29-Aug-21,976
28-Aug-21,1032
27-Aug-21,2070
26-Aug-21,2382
25-Aug-21,2362
24-Aug-21,2456
23-Aug-21,2296
22-Aug-21,951
21-Aug-21,966
20-Aug-21,1946
19-Aug-21,2388
18-Aug-21,2553
17-Aug-21,2268
16-Aug-21,2245
15-Aug-21,1025
14-Aug-21,977
13-Aug-21,2107
12-Aug-21,2346
11-Aug-21,2539
10-Aug-21,2664
9-Aug-21,2725
8-Aug-21,1069
7-Aug-21,1039
6-Aug-21,2128
5-Aug-21,2384
4-Aug-21,2381
3-Aug-21,2459
2-Aug-21,2713
1-Aug-21,1074
31-Jul-21,1141
30-Jul-21,2165
29-Jul-21,2691
28-Jul-21,2816
27-Jul-21,2541
26-Jul-21,2453
25-Jul-21,1009
24-Jul-21,981
23-Jul-21,2148
22-Jul-21,2584
21-Jul-21,2572
20-Jul-21,2531
19-Jul-21,2977
18-Jul-21,1124
17-Jul-21,1012
16-Jul-21,2438
15-Jul-21,2554
14-Jul-21,2443
13-Jul-21,2556
12-Jul-21,2454
11-Jul-21,1156
10-Jul-21,1021
9-Jul-21,2053
8-Jul-21,2576
7-Jul-21,2422
6-Jul-21,2355
5-Jul-21,1118
4-Jul-21,767
3-Jul-21,806
2-Jul-21,1690
1-Jul-21,2158
30-Jun-21,2241
29-Jun-21,2261
28-Jun-21,2405
27-Jun-21,939
26-Jun-21,861
25-Jun-21,1803
24-Jun-21,2155
23-Jun-21,2586
22-Jun-21,2575
21-Jun-21,2566
20-Jun-21,1063
19-Jun-21,914
18-Jun-21,1910
17-Jun-21,2293
16-Jun-21,2397
15-Jun-21,2700
14-Jun-21,2708
13-Jun-21,830
12-Jun-21,778
11-Jun-21,1755
10-Jun-21,2190
9-Jun-21,2181
8-Jun-21,2223
7-Jun-21,2160
6-Jun-21,938
5-Jun-21,907
4-Jun-21,1971
3-Jun-21,2210
2-Jun-21,2241
1-Jun-21,2204
31-May-21,940
30-May-21,769
29-May-21,788
28-May-21,1760
27-May-21,2173
26-May-21,2382
25-May-21,2209
24-May-21,2445
23-May-21,941
22-May-21,958
21-May-21,1919
20-May-21,2386
19-May-21,2442
18-May-21,2506
17-May-21,2358
16-May-21,996
15-May-21,949
14-May-21,2082
13-May-21,2455
12-May-21,2188
11-May-21,2297
10-May-21,2447
9-May-21,1177
8-May-21,973
7-May-21,2133
6-May-21,2265
5-May-21,2282
4-May-21,2432
3-May-21,2226
2-May-21,925
1-May-21,950
30-Apr-21,2041
29-Apr-21,2044
28-Apr-21,2098
27-Apr-21,2153
26-Apr-21,2205
25-Apr-21,955
24-Apr-21,835
23-Apr-21,1932
22-Apr-21,2774
21-Apr-21,1981
20-Apr-21,2032
19-Apr-21,1988
18-Apr-21,792
17-Apr-21,664
16-Apr-21,1536
15-Apr-21,1506
14-Apr-21,1662
13-Apr-21,1656
12-Apr-21,1724
11-Apr-21,581
10-Apr-21,479
9-Apr-21,1367
8-Apr-21,1636
7-Apr-21,1615
6-Apr-21,1756
5-Apr-21,1696
4-Apr-21,531
3-Apr-21,535
2-Apr-21,1317
1-Apr-21,1578
31-Mar-21,1396
30-Mar-21,1672
29-Mar-21,1707
28-Mar-21,600
27-Mar-21,567
26-Mar-21,1372
25-Mar-21,1781
24-Mar-21,1697
23-Mar-21,1785
22-Mar-21,1759
21-Mar-21,588
20-Mar-21,586
19-Mar-21,1414
18-Mar-21,1667
17-Mar-21,1727
16-Mar-21,1852
15-Mar-21,1917
14-Mar-21,710
13-Mar-21,651
12-Mar-21,1400
11-Mar-21,1409
10-Mar-21,1505
9-Mar-21,1668
8-Mar-21,1499
7-Mar-21,430
6-Mar-21,459
5-Mar-21,1281
4-Mar-21,1487
3-Mar-21,1619
2-Mar-21,1618
1-Mar-21,1587
28-Feb-21,444
27-Feb-21,378
26-Feb-21,1298
25-Feb-21,1625
24-Feb-21,1562
23-Feb-21,1577
22-Feb-21,1528
21-Feb-21,521
20-Feb-21,405
19-Feb-21,1238
18-Feb-21,1555
17-Feb-21,1566
16-Feb-21,1862
15-Feb-21,953
14-Feb-21,397
13-Feb-21,423
12-Feb-21,1466
11-Feb-21,1514
10-Feb-21,1708
9-Feb-21,1705
8-Feb-21,1673
7-Feb-21,488
6-Feb-21,467
5-Feb-21,1342
4-Feb-21,1519
3-Feb-21,1630
2-Feb-21,1647
1-Feb-21,1638
31-Jan-21,566
30-Jan-21,519
29-Jan-21,1335
28-Jan-21,1638
27-Jan-21,1626
26-Jan-21,1599
25-Jan-21,1651
24-Jan-21,596
23-Jan-21,564
22-Jan-21,1320
21-Jan-21,1469
20-Jan-21,1506
19-Jan-21,1622
18-Jan-21,949
17-Jan-21,576
16-Jan-21,575
15-Jan-21,1348
14-Jan-21,1580
13-Jan-21,1548
12-Jan-21,1654
11-Jan-21,1723
10-Jan-21,695
9-Jan-21,626
8-Jan-21,1533
7-Jan-21,1685
6-Jan-21,1460
5-Jan-21,1693
4-Jan-21,1834
3-Jan-21,792
2-Jan-21,821
1-Jan-21,812
31-Dec-20,1155
30-Dec-20,1452
29-Dec-20,1448
28-Dec-20,1555
27-Dec-20,636
26-Dec-20,631
25-Dec-20,423
24-Dec-20,849
23-Dec-20,1204
22-Dec-20,1461
21-Dec-20,1505
20-Dec-20,677
19-Dec-20,725
18-Dec-20,1652
17-Dec-20,1925
16-Dec-20,2145
15-Dec-20,1839
14-Dec-20,1701
13-Dec-20,893
12-Dec-20,820
11-Dec-20,1631
10-Dec-20,1947
9-Dec-20,1980
8-Dec-20,2078
7-Dec-20,1980
6-Dec-20,815
5-Dec-20,898
4-Dec-20,1843
3-Dec-20,2226
2-Dec-20,1730
1-Dec-20,1726
30-Nov-20,1582
29-Nov-20,626
28-Nov-20,517
27-Nov-20,596
26-Nov-20,418
25-Nov-20,1081
24-Nov-20,1335
23-Nov-20,1377
22-Nov-20,551
21-Nov-20,530
20-Nov-20,1329
19-Nov-20,1602
18-Nov-20,1497
17-Nov-20,1509
16-Nov-20,1548
15-Nov-20,583
14-Nov-20,502
13-Nov-20,1336
12-Nov-20,1464
11-Nov-20,1121
10-Nov-20,1474
9-Nov-20,1498
8-Nov-20,530
7-Nov-20,468
6-Nov-20,1318
5-Nov-20,1393
4-Nov-20,1339
3-Nov-20,1292
2-Nov-20,1438
1-Nov-20,473
31-Oct-20,438
30-Oct-20,1242
29-Oct-20,1461
28-Oct-20,1514
27-Oct-20,1504
26-Oct-20,1388
25-Oct-20,500
24-Oct-20,500
23-Oct-20,1313
22-Oct-20,1497
21-Oct-20,1536
20-Oct-20,1503
19-Oct-20,1446
18-Oct-20,512
17-Oct-20,446
16-Oct-20,1389
15-Oct-20,1670
14-Oct-20,1631
13-Oct-20,1677
12-Oct-20,1502
11-Oct-20,505
10-Oct-20,464
9-Oct-20,1312
8-Oct-20,1637
7-Oct-20,1631
6-Oct-20,1604
5-Oct-20,1595
4-Oct-20,577
3-Oct-20,538
2-Oct-20,1355
1-Oct-20,1540
30-Sep-20,1546
29-Sep-20,1504
28-Sep-20,1498
27-Sep-20,547
26-Sep-20,494
25-Sep-20,1314
24-Sep-20,1457
23-Sep-20,1673
22-Sep-20,1622
21-Sep-20,1629
20-Sep-20,476
19-Sep-20,454
18-Sep-20,1363
17-Sep-20,1547
16-Sep-20,1642
15-Sep-20,1549
14-Sep-20,1496
13-Sep-20,539
12-Sep-20,551
11-Sep-20,1374
10-Sep-20,1565
9-Sep-20,1463
8-Sep-20,1493
7-Sep-20,632
6-Sep-20,493
5-Sep-20,492
4-Sep-20,1187
3-Sep-20,1435
2-Sep-20,1647
1-Sep-20,1562
31-Aug-20,1693
30-Aug-20,560
29-Aug-20,562
28-Aug-20,1472
27-Aug-20,1443
26-Aug-20,1557
25-Aug-20,1552
24-Aug-20,1573
23-Aug-20,529
22-Aug-20,511
21-Aug-20,1328
20-Aug-20,1403
19-Aug-20,1418
18-Aug-20,1501
17-Aug-20,1546
16-Aug-20,596
15-Aug-20,587
14-Aug-20,1351
13-Aug-20,1547
12-Aug-20,1679
11-Aug-20,1919
10-Aug-20,2022
9-Aug-20,685
8-Aug-20,637
7-Aug-20,1442
6-Aug-20,1660
5-Aug-20,1652
4-Aug-20,1694
3-Aug-20,1689
2-Aug-20,625
1-Aug-20,609
31-Jul-20,1358
30-Jul-20,1527
29-Jul-20,1563
28-Jul-20,1634
27-Jul-20,1754
26-Jul-20,691
25-Jul-20,697
24-Jul-20,1512
23-Jul-20,1619
22-Jul-20,1801
21-Jul-20,1761
20-Jul-20,1838
19-Jul-20,738
18-Jul-20,718
17-Jul-20,1724
16-Jul-20,1968
15-Jul-20,2034
14-Jul-20,2229
13-Jul-20,2358
12-Jul-20,924
11-Jul-20,797
10-Jul-20,1732
9-Jul-20,2097
8-Jul-20,2382
7-Jul-20,2304
6-Jul-20,2165
5-Jul-20,1062
4-Jul-20,867
3-Jul-20,1326
2-Jul-20,2353
1-Jul-20,2757
30-Jun-20,2695
29-Jun-20,2680
28-Jun-20,1589
27-Jun-20,1488
26-Jun-20,3440
25-Jun-20,4529
24-Jun-20,4667
23-Jun-20,3757
22-Jun-20,3640
21-Jun-20,1481
20-Jun-20,1478
19-Jun-20,2889
18-Jun-20,3435
17-Jun-20,3302
16-Jun-20,2995
15-Jun-20,3566
14-Jun-20,1928
13-Jun-20,1866
12-Jun-20,2971
11-Jun-20,3523
10-Jun-20,3783
9-Jun-20,3296
8-Jun-20,3096
7-Jun-20,1443
6-Jun-20,1329
5-Jun-20,2476
4-Jun-20,2928
3-Jun-20,2538
2-Jun-20,2380
1-Jun-20,2599
31-May-20,1280
30-May-20,1422
29-May-20,2588
28-May-20,2941
27-May-20,2904
26-May-20,3257
25-May-20,1932
24-May-20,1828
23-May-20,1879
22-May-20,2665
21-May-20,2973
20-May-20,3005
19-May-20,3206
18-May-20,4256
17-May-20,2492
16-May-20,2121
15-May-20,3371
14-May-20,4023
13-May-20,4947
12-May-20,5879
11-May-20,4514
10-May-20,2762
9-May-20,2771
8-May-20,4081
7-May-20,5063
6-May-20,5143
5-May-20,4933
4-May-20,5720
3-May-20,4366
2-May-20,5950
1-May-20,12555
30-Apr-20,38725
29-Apr-20,20140
28-Apr-20,4994
27-Apr-20,5256
26-Apr-20,3338
25-Apr-20,3016
24-Apr-20,4970
23-Apr-20,7096
22-Apr-20,7876
21-Apr-20,9229
20-Apr-20,10577
19-Apr-20,6360
18-Apr-20,5846
17-Apr-20,8040
16-Apr-20,8541
15-Apr-20,8016
14-Apr-20,8749
13-Apr-20,9294
12-Apr-20,6027
11-Apr-20,5778
10-Apr-20,8736
9-Apr-20,9755
8-Apr-20,11124
7-Apr-20,15798
6-Apr-20,18240
5-Apr-20,13891
4-Apr-20,13544
3-Apr-20,12253
2-Apr-20,10324
1-Apr-20,8625
31-Mar-20,1249
30-Mar-20,1377
29-Mar-20,386
28-Mar-20,410
27-Mar-20,1068
26-Mar-20,1375
25-Mar-20,1308
24-Mar-20,1073
23-Mar-20,1116
22-Mar-20,358
21-Mar-20,332
20-Mar-20,936
19-Mar-20,1089
18-Mar-20,1032
17-Mar-20,1270
16-Mar-20,1239
15-Mar-20,392
14-Mar-20,277
13-Mar-20,963
12-Mar-20,1148
11-Mar-20,1144
10-Mar-20,1136
9-Mar-20,1116
8-Mar-20,268
7-Mar-20,225
6-Mar-20,1020
5-Mar-20,1058
4-Mar-20,1083
3-Mar-20,1181
2-Mar-20,1207
1-Mar-20,236
29-Feb-20,212
28-Feb-20,916
27-Feb-20,1052
26-Feb-20,1095
25-Feb-20,1215
24-Feb-20,1074
23-Feb-20,343
22-Feb-20,237
21-Feb-20,946
20-Feb-20,1071
19-Feb-20,1164
18-Feb-20,1156
17-Feb-20,629
16-Feb-20,190
15-Feb-20,252
14-Feb-20,985
13-Feb-20,1257
12-Feb-20,1163
11-Feb-20,1123
10-Feb-20,1242
9-Feb-20,272
8-Feb-20,214
7-Feb-20,1000
6-Feb-20,1165
5-Feb-20,1172
4-Feb-20,1110
3-Feb-20,1137
2-Feb-20,192
1-Feb-20,228
31-Jan-20,833
30-Jan-20,1195
29-Jan-20,1182
28-Jan-20,1335
27-Jan-20,1072
26-Jan-20,261
25-Jan-20,157
24-Jan-20,926
23-Jan-20,1028
22-Jan-20,1110
21-Jan-20,1086
20-Jan-20,489
19-Jan-20,158
18-Jan-20,185
17-Jan-20,888
16-Jan-20,1076
15-Jan-20,1060
14-Jan-20,1036
13-Jan-20,1119
12-Jan-20,206
11-Jan-20,178
10-Jan-20,889
9-Jan-20,1015
8-Jan-20,1064
7-Jan-20,1058
6-Jan-20,1075
5-Jan-20,188
4-Jan-20,165
3-Jan-20,781
2-Jan-20,917
1-Jan-20,143
31-Dec-19,567
30-Dec-19,782
29-Dec-19,148
28-Dec-19,121
27-Dec-19,556
26-Dec-19,533
25-Dec-19,60
24-Dec-19,359
23-Dec-19,675
22-Dec-19,109
21-Dec-19,115
20-Dec-19,767
19-Dec-19,864
18-Dec-19,946
17-Dec-19,971
16-Dec-19,991
15-Dec-19,165
14-Dec-19,148
13-Dec-19,795
12-Dec-19,941
11-Dec-19,905
10-Dec-19,960
9-Dec-19,1014
8-Dec-19,167
7-Dec-19,176
6-Dec-19,765
5-Dec-19,954
4-Dec-19,1038
3-Dec-19,992
2-Dec-19,994
1-Dec-19,251
30-Nov-19,211
29-Nov-19,183
28-Nov-19,113
27-Nov-19,673
26-Nov-19,842
25-Nov-19,839
24-Nov-19,186
23-Nov-19,173
22-Nov-19,794
21-Nov-19,923
20-Nov-19,953
19-Nov-19,1014
18-Nov-19,997
17-Nov-19,237
16-Nov-19,207
15-Nov-19,872
14-Nov-19,1012
13-Nov-19,1073
12-Nov-19,1091
11-Nov-19,701
10-Nov-19,176
9-Nov-19,209
8-Nov-19,828
7-Nov-19,1103
6-Nov-19,1124
5-Nov-19,1092
4-Nov-19,1003
3-Nov-19,271
2-Nov-19,217
1-Nov-19,811
31-Oct-19,887
30-Oct-19,918
29-Oct-19,975
28-Oct-19,934
27-Oct-19,214
26-Oct-19,248
25-Oct-19,802
24-Oct-19,1020
23-Oct-19,1146
22-Oct-19,1078
21-Oct-19,994
20-Oct-19,196
19-Oct-19,204
18-Oct-19,914
17-Oct-19,1028
16-Oct-19,1083
15-Oct-19,1127
14-Oct-19,1108
13-Oct-19,195
12-Oct-19,185
11-Oct-19,842
10-Oct-19,944
9-Oct-19,1009
8-Oct-19,1084
7-Oct-19,1028
6-Oct-19,236
5-Oct-19,175
4-Oct-19,885
3-Oct-19,1013
2-Oct-19,1024
1-Oct-19,1087
30-Sep-19,1078
29-Sep-19,225
28-Sep-19,195
27-Sep-19,891
26-Sep-19,1199
25-Sep-19,1067
24-Sep-19,1033
23-Sep-19,1105
22-Sep-19,278
21-Sep-19,274
20-Sep-19,829
19-Sep-19,1020
18-Sep-19,1172
17-Sep-19,1030
16-Sep-19,1030
15-Sep-19,267
14-Sep-19,165
13-Sep-19,851
12-Sep-19,1161
11-Sep-19,967
10-Sep-19,1068
9-Sep-19,1036
8-Sep-19,276
7-Sep-19,192
6-Sep-19,908
5-Sep-19,965
4-Sep-19,1087
3-Sep-19,952
2-Sep-19,172
1-Sep-19,119
31-Aug-19,116
30-Aug-19,714
29-Aug-19,863
28-Aug-19,928
27-Aug-19,1065
26-Aug-19,879
25-Aug-19,132
24-Aug-19,120
23-Aug-19,827
22-Aug-19,1051
21-Aug-19,963
20-Aug-19,936
19-Aug-19,926
18-Aug-19,155
17-Aug-19,141
16-Aug-19,774
15-Aug-19,1131
14-Aug-19,993
13-Aug-19,933
12-Aug-19,958
11-Aug-19,161
10-Aug-19,153
9-Aug-19,796
8-Aug-19,971
7-Aug-19,982
6-Aug-19,920
5-Aug-19,918
4-Aug-19,150
3-Aug-19,147
2-Aug-19,766
1-Aug-19,863
31-Jul-19,885
30-Jul-19,949
29-Jul-19,923
28-Jul-19,184
27-Jul-19,143
26-Jul-19,836
25-Jul-19,1038
24-Jul-19,973
23-Jul-19,928
22-Jul-19,901
21-Jul-19,156
20-Jul-19,159
19-Jul-19,810
18-Jul-19,906
17-Jul-19,957
16-Jul-19,977
15-Jul-19,965
14-Jul-19,146
13-Jul-19,136
12-Jul-19,793
11-Jul-19,866
10-Jul-19,920
9-Jul-19,911
8-Jul-19,847
7-Jul-19,135
6-Jul-19,120
5-Jul-19,452
4-Jul-19,127
3-Jul-19,793
2-Jul-19,898
1-Jul-19,980
30-Jun-19,137
29-Jun-19,145
28-Jun-19,692
27-Jun-19,877
26-Jun-19,873
25-Jun-19,895
24-Jun-19,928
23-Jun-19,168
22-Jun-19,112
21-Jun-19,775
20-Jun-19,886
19-Jun-19,909
18-Jun-19,923
17-Jun-19,856
16-Jun-19,126
15-Jun-19,130
14-Jun-19,740
13-Jun-19,876
12-Jun-19,899
11-Jun-19,915
10-Jun-19,868
9-Jun-19,128
8-Jun-19,119
7-Jun-19,739
6-Jun-19,867
5-Jun-19,940
4-Jun-19,897
3-Jun-19,914
2-Jun-19,134
1-Jun-19,127
31-May-19,780
30-May-19,843
29-May-19,899
28-May-19,894
27-May-19,165
26-May-19,135
25-May-19,109
24-May-19,703
23-May-19,837
22-May-19,851
21-May-19,969
20-May-19,883
19-May-19,163
18-May-19,134
17-May-19,756
16-May-19,890
15-May-19,917
14-May-19,897
13-May-19,857
12-May-19,106
11-May-19,145
10-May-19,692
9-May-19,780
8-May-19,863
7-May-19,929
6-May-19,814
5-May-19,153
4-May-19,145
3-May-19,721
2-May-19,922
1-May-19,982
30-Apr-19,955
29-Apr-19,907
28-Apr-19,172
27-Apr-19,165
26-Apr-19,768
25-Apr-19,883
24-Apr-19,899
23-Apr-19,935
22-Apr-19,830
21-Apr-19,145
20-Apr-19,158
19-Apr-19,708
18-Apr-19,978
17-Apr-19,910
16-Apr-19,972
15-Apr-19,947
14-Apr-19,187
13-Apr-19,169
12-Apr-19,731
11-Apr-19,920
10-Apr-19,916
9-Apr-19,871
8-Apr-19,965
7-Apr-19,166
6-Apr-19,208
5-Apr-19,801
4-Apr-19,889
3-Apr-19,908
2-Apr-19,960
1-Apr-19,710
31-Mar-19,186
30-Mar-19,165
29-Mar-19,677
28-Mar-19,832
27-Mar-19,952
26-Mar-19,944
25-Mar-19,854
24-Mar-19,140
23-Mar-19,157
22-Mar-19,730
21-Mar-19,797
20-Mar-19,848
19-Mar-19,906
18-Mar-19,885
17-Mar-19,164
16-Mar-19,145
15-Mar-19,815
14-Mar-19,978
13-Mar-19,957
12-Mar-19,1011
11-Mar-19,948
10-Mar-19,198
9-Mar-19,162
8-Mar-19,741
7-Mar-19,933
6-Mar-19,967
5-Mar-19,892
4-Mar-19,914
3-Mar-19,212
2-Mar-19,197
1-Mar-19,725
28-Feb-19,875
27-Feb-19,894
26-Feb-19,960
25-Feb-19,909
24-Feb-19,206
23-Feb-19,189
22-Feb-19,807
21-Feb-19,911
20-Feb-19,916
19-Feb-19,946
18-Feb-19,489
17-Feb-19,184
16-Feb-19,166
15-Feb-19,815
14-Feb-19,896
13-Feb-19,969
12-Feb-19,1015
11-Feb-19,929
10-Feb-19,201
9-Feb-19,211
8-Feb-19,798
7-Feb-19,970
6-Feb-19,973
5-Feb-19,1029
4-Feb-19,996
3-Feb-19,176
2-Feb-19,179
1-Feb-19,771
31-Jan-19,974
30-Jan-19,990
29-Jan-19,1039
28-Jan-19,1006
27-Jan-19,186
26-Jan-19,158
25-Jan-19,847
24-Jan-19,993
23-Jan-19,988
22-Jan-19,1013
21-Jan-19,458
20-Jan-19,171
19-Jan-19,158
18-Jan-19,765
17-Jan-19,916
16-Jan-19,933
15-Jan-19,916
14-Jan-19,917
13-Jan-19,151
12-Jan-19,191
11-Jan-19,775
10-Jan-19,884
9-Jan-19,904
8-Jan-19,824
7-Jan-19,824
6-Jan-19,138
5-Jan-19,127
4-Jan-19,745
3-Jan-19,871
2-Jan-19,756
1-Jan-19,94
31-Dec-18,377
30-Dec-18,114
29-Dec-18,102
28-Dec-18,532
27-Dec-18,651
26-Dec-18,509
25-Dec-18,59
24-Dec-18,208
23-Dec-18,84
22-Dec-18,96
21-Dec-18,516
20-Dec-18,744
19-Dec-18,711
18-Dec-18,769
17-Dec-18,741
16-Dec-18,124
15-Dec-18,131
14-Dec-18,697
13-Dec-18,833
12-Dec-18,859
11-Dec-18,917
10-Dec-18,836
9-Dec-18,172
8-Dec-18,165
7-Dec-18,710
6-Dec-18,824
5-Dec-18,918
4-Dec-18,908
3-Dec-18,859
2-Dec-18,184
1-Dec-18,206
30-Nov-18,825
29-Nov-18,994
28-Nov-18,920
27-Nov-18,857
26-Nov-18,815
25-Nov-18,172
24-Nov-18,137
23-Nov-18,133
22-Nov-18,93
21-Nov-18,556
20-Nov-18,743
19-Nov-18,820
18-Nov-18,143
17-Nov-18,155
16-Nov-18,682
15-Nov-18,784
14-Nov-18,844
13-Nov-18,777
12-Nov-18,580
11-Nov-18,172
10-Nov-18,149
9-Nov-18,676
8-Nov-18,851
7-Nov-18,877
6-Nov-18,861
5-Nov-18,822
4-Nov-18,159
3-Nov-18,161
2-Nov-18,671
1-Nov-18,784
31-Oct-18,743
30-Oct-18,817
29-Oct-18,804
28-Oct-18,148
27-Oct-18,147
26-Oct-18,643
25-Oct-18,772
24-Oct-18,819
23-Oct-18,825
22-Oct-18,838
21-Oct-18,140
20-Oct-18,129
19-Oct-18,711
18-Oct-18,749
17-Oct-18,791
16-Oct-18,813
15-Oct-18,889
14-Oct-18,177
13-Oct-18,131
12-Oct-18,648
11-Oct-18,833
10-Oct-18,882
9-Oct-18,1004
8-Oct-18,784
7-Oct-18,144
6-Oct-18,143
5-Oct-18,647
4-Oct-18,786
3-Oct-18,863
2-Oct-18,807
1-Oct-18,794
30-Sep-18,154
29-Sep-18,175
28-Sep-18,678
27-Sep-18,733
26-Sep-18,815
25-Sep-18,815
24-Sep-18,821
23-Sep-18,151
22-Sep-18,152
21-Sep-18,755
20-Sep-18,805
19-Sep-18,841
18-Sep-18,793
17-Sep-18,825
16-Sep-18,141
15-Sep-18,133
14-Sep-18,620
13-Sep-18,770
12-Sep-18,809
11-Sep-18,830
10-Sep-18,858
9-Sep-18,198
8-Sep-18,135
7-Sep-18,745
6-Sep-18,955
5-Sep-18,935
4-Sep-18,771
3-Sep-18,185
2-Sep-18,102
1-Sep-18,117
31-Aug-18,626
30-Aug-18,732
29-Aug-18,896
28-Aug-18,845
27-Aug-18,762
26-Aug-18,130
25-Aug-18,104
24-Aug-18,650
23-Aug-18,773
22-Aug-18,844
21-Aug-18,823
20-Aug-18,811
19-Aug-18,133
18-Aug-18,126
17-Aug-18,629
16-Aug-18,797
15-Aug-18,788
14-Aug-18,868
13-Aug-18,813
12-Aug-18,127
11-Aug-18,138
10-Aug-18,595
9-Aug-18,790
8-Aug-18,822
7-Aug-18,732
6-Aug-18,676
5-Aug-18,141
4-Aug-18,130
3-Aug-18,577
2-Aug-18,805
1-Aug-18,904
31-Jul-18,661
30-Jul-18,620
29-Jul-18,93
28-Jul-18,98
27-Jul-18,501
26-Jul-18,620
25-Jul-18,642
24-Jul-18,603
23-Jul-18,546
22-Jul-18,106
21-Jul-18,98
20-Jul-18,490
19-Jul-18,630
18-Jul-18,645
17-Jul-18,633
16-Jul-18,643
15-Jul-18,126
14-Jul-18,122
13-Jul-18,509
12-Jul-18,599
11-Jul-18,671
10-Jul-18,608
9-Jul-18,645
8-Jul-18,119
7-Jul-18,107
6-Jul-18,487
5-Jul-18,537
4-Jul-18,108
3-Jul-18,928
2-Jul-18,574
1-Jul-18,125
30-Jun-18,112
29-Jun-18,591
28-Jun-18,644
27-Jun-18,605
26-Jun-18,600
25-Jun-18,600
24-Jun-18,113
23-Jun-18,121
22-Jun-18,365
21-Jun-18,536
20-Jun-18,581
19-Jun-18,634
18-Jun-18,599
17-Jun-18,108
16-Jun-18,103
15-Jun-18,528
14-Jun-18,659
13-Jun-18,570
12-Jun-18,637
11-Jun-18,618
10-Jun-18,122
9-Jun-18,120
8-Jun-18,466
7-Jun-18,540
6-Jun-18,624
5-Jun-18,576
4-Jun-18,577
3-Jun-18,156
2-Jun-18,128
1-Jun-18,497
31-May-18,544
30-May-18,661
29-May-18,578
28-May-18,155
27-May-18,137
26-May-18,117
25-May-18,501
24-May-18,638
23-May-18,818
22-May-18,846
21-May-18,807
20-May-18,277
19-May-18,228
18-May-18,833
17-May-18,859
16-May-18,631
15-May-18,582
14-May-18,539
13-May-18,111
12-May-18,101
11-May-18,489
10-May-18,585
9-May-18,595
8-May-18,654
7-May-18,577
6-May-18,134
5-May-18,107
4-May-18,505
3-May-18,610
2-May-18,688
1-May-18,619
30-Apr-18,616
29-Apr-18,130
28-Apr-18,114
27-Apr-18,425
26-Apr-18,525
25-Apr-18,558
24-Apr-18,588
23-Apr-18,576
22-Apr-18,151
21-Apr-18,114
20-Apr-18,434
19-Apr-18,580
18-Apr-18,535
17-Apr-18,549
16-Apr-18,556
15-Apr-18,111
14-Apr-18,108
13-Apr-18,406
12-Apr-18,574
11-Apr-18,577
10-Apr-18,523
9-Apr-18,524
8-Apr-18,140
7-Apr-18,124
6-Apr-18,395
5-Apr-18,499
4-Apr-18,481
3-Apr-18,526
2-Apr-18,474
1-Apr-18,95
31-Mar-18,103
30-Mar-18,337
29-Mar-18,474
28-Mar-18,467
27-Mar-18,514
26-Mar-18,431
25-Mar-18,93
24-Mar-18,97
23-Mar-18,402
22-Mar-18,484
21-Mar-18,503
20-Mar-18,459
19-Mar-18,467
18-Mar-18,136
17-Mar-18,100
16-Mar-18,386
15-Mar-18,521
14-Mar-18,493
13-Mar-18,486
12-Mar-18,481
11-Mar-18,139
10-Mar-18,101
9-Mar-18,328
8-Mar-18,0
7-Mar-18,0
6-Mar-18,0
5-Mar-18,0
4-Mar-18,0
3-Mar-18,0
2-Mar-18,0
1-Mar-18,0
28-Feb-18,0
27-Feb-18,0
26-Feb-18,0
25-Feb-18,0
24-Feb-18,0
23-Feb-18,0
22-Feb-18,0
21-Feb-18,0
20-Feb-18,0
19-Feb-18,0
18-Feb-18,0
17-Feb-18,0
16-Feb-18,0
15-Feb-18,0
14-Feb-18,0
13-Feb-18,0
12-Feb-18,0
11-Feb-18,0
10-Feb-18,0
9-Feb-18,0
8-Feb-18,0
7-Feb-18,0
